instance,algorithm,seed,objv,lb,bkv,bklb,delay,num_resources
Medium_Moderate_Light_Medium_Moderate_Moderate_Early_VeryLate_123,MIP,10,826.0,406.0,741.0,413.0,Medium,Moderate
Medium_Moderate_Light_Medium_Moderate_Moderate_Early_VeryLate_123,MIP,8,821.0,369.0,741.0,413.0,Medium,Moderate
Medium_Moderate_Light_Medium_Moderate_Moderate_Early_VeryLate_123,MIP,6,837.0,410.0,741.0,413.0,Medium,Moderate
Medium_Moderate_Light_Medium_Moderate_Moderate_Early_VeryLate_123,MIP,1,794.0,388.0,741.0,413.0,Medium,Moderate
Medium_Moderate_Light_Medium_Moderate_Moderate_Early_VeryLate_123,MIP,9,786.0,382.0,741.0,413.0,Medium,Moderate
Medium_Moderate_Light_Medium_Moderate_Moderate_Early_VeryLate_123,MIP,5,792.0,374.0,741.0,413.0,Medium,Moderate
Medium_Moderate_Light_Medium_Moderate_Moderate_Early_VeryLate_123,MIP,4,816.0,388.0,741.0,413.0,Medium,Moderate
Medium_Moderate_Light_Medium_Moderate_Moderate_Early_VeryLate_123,MIP,3,818.0,375.0,741.0,413.0,Medium,Moderate
Medium_Moderate_Light_Medium_Moderate_Moderate_Early_VeryLate_123,MIP,7,772.0,367.0,741.0,413.0,Medium,Moderate
Medium_Moderate_Light_Medium_Moderate_Moderate_Early_VeryLate_123,MIP,2,762.0,413.0,741.0,413.0,Medium,Moderate
Medium_Moderate_Light_Medium_Moderate_Moderate_Early_VeryLate_123,IBS,4,747.0,0.0,741.0,413.0,Medium,Moderate
Medium_Moderate_Light_Medium_Moderate_Moderate_Early_VeryLate_123,IBS,10,741.0,0.0,741.0,413.0,Medium,Moderate
Medium_Moderate_Light_Medium_Moderate_Moderate_Early_VeryLate_123,IBS,3,749.0,0.0,741.0,413.0,Medium,Moderate
Medium_Moderate_Light_Medium_Moderate_Moderate_Early_VeryLate_123,IBS,8,741.0,0.0,741.0,413.0,Medium,Moderate
Medium_Moderate_Light_Medium_Moderate_Moderate_Early_VeryLate_123,IBS,6,747.0,0.0,741.0,413.0,Medium,Moderate
Medium_Moderate_Light_Medium_Moderate_Moderate_Early_VeryLate_123,IBS,9,744.0,0.0,741.0,413.0,Medium,Moderate
Medium_Moderate_Light_Medium_Moderate_Moderate_Early_VeryLate_123,IBS,5,745.0,0.0,741.0,413.0,Medium,Moderate
Medium_Moderate_Light_Medium_Moderate_Moderate_Early_VeryLate_123,IBS,2,747.0,0.0,741.0,413.0,Medium,Moderate
Medium_Moderate_Light_Medium_Moderate_Moderate_Early_VeryLate_123,IBS,7,745.0,0.0,741.0,413.0,Medium,Moderate
Medium_Moderate_Light_Medium_Moderate_Moderate_Early_VeryLate_123,IBS,1,746.0,0.0,741.0,413.0,Medium,Moderate
Medium_Moderate_Light_Medium_Moderate_Moderate_Early_VeryLate_123,CUTH,4,822.0,0.0,741.0,413.0,Medium,Moderate
Medium_Moderate_Light_Medium_Moderate_Moderate_Early_VeryLate_123,CUTH,8,822.0,0.0,741.0,413.0,Medium,Moderate
Medium_Moderate_Light_Medium_Moderate_Moderate_Early_VeryLate_123,CUTH,6,822.0,0.0,741.0,413.0,Medium,Moderate
Medium_Moderate_Light_Medium_Moderate_Moderate_Early_VeryLate_123,CUTH,10,822.0,0.0,741.0,413.0,Medium,Moderate
Medium_Moderate_Light_Medium_Moderate_Moderate_Early_VeryLate_123,CUTH,1,822.0,0.0,741.0,413.0,Medium,Moderate
Medium_Moderate_Light_Medium_Moderate_Moderate_Early_VeryLate_123,CUTH,5,822.0,0.0,741.0,413.0,Medium,Moderate
Medium_Moderate_Light_Medium_Moderate_Moderate_Early_VeryLate_123,CUTH,9,822.0,0.0,741.0,413.0,Medium,Moderate
Medium_Moderate_Light_Medium_Moderate_Moderate_Early_VeryLate_123,CUTH,3,822.0,0.0,741.0,413.0,Medium,Moderate
Medium_Moderate_Light_Medium_Moderate_Moderate_Early_VeryLate_123,CUTH,7,822.0,0.0,741.0,413.0,Medium,Moderate
Medium_Moderate_Light_Medium_Moderate_Moderate_Early_VeryLate_123,CUTH,2,822.0,0.0,741.0,413.0,Medium,Moderate
Medium_Moderate_Light_Medium_Moderate_Moderate_Early_VeryLate_123,LBBD,9,825.0,321.0,741.0,413.0,Medium,Moderate
Medium_Moderate_Light_Medium_Moderate_Moderate_Early_VeryLate_123,LBBD,10,814.0,292.0,741.0,413.0,Medium,Moderate
Medium_Moderate_Light_Medium_Moderate_Moderate_Early_VeryLate_123,LBBD,1,898.0,351.0,741.0,413.0,Medium,Moderate
Medium_Moderate_Light_Medium_Moderate_Moderate_Early_VeryLate_123,LBBD,4,810.0,350.0,741.0,413.0,Medium,Moderate
Medium_Moderate_Light_Medium_Moderate_Moderate_Early_VeryLate_123,LBBD,3,808.0,365.0,741.0,413.0,Medium,Moderate
Medium_Moderate_Light_Medium_Moderate_Moderate_Early_VeryLate_123,LBBD,2,829.0,327.0,741.0,413.0,Medium,Moderate
Medium_Moderate_Light_Medium_Moderate_Moderate_Early_VeryLate_123,LBBD,6,894.0,363.0,741.0,413.0,Medium,Moderate
Medium_Moderate_Light_Medium_Moderate_Moderate_Early_VeryLate_123,LBBD,7,824.0,277.0,741.0,413.0,Medium,Moderate
Medium_Moderate_Light_Medium_Moderate_Moderate_Early_VeryLate_123,LBBD,5,900.0,294.0,741.0,413.0,Medium,Moderate
Medium_Moderate_Light_Medium_Moderate_Moderate_Early_VeryLate_123,LBBD,8,796.0,319.0,741.0,413.0,Medium,Moderate
Medium_Moderate_Light_Medium_Moderate_Moderate_Early_VeryLate_123,ILS,1,898.0,0.0,741.0,413.0,Medium,Moderate
Medium_Moderate_Light_Medium_Moderate_Moderate_Early_VeryLate_123,ILS,9,869.0,0.0,741.0,413.0,Medium,Moderate
Medium_Moderate_Light_Medium_Moderate_Moderate_Early_VeryLate_123,ILS,3,898.0,0.0,741.0,413.0,Medium,Moderate
Medium_Moderate_Light_Medium_Moderate_Moderate_Early_VeryLate_123,ILS,2,898.0,0.0,741.0,413.0,Medium,Moderate
Medium_Moderate_Light_Medium_Moderate_Moderate_Early_VeryLate_123,ILS,8,895.0,0.0,741.0,413.0,Medium,Moderate
Medium_Moderate_Light_Medium_Moderate_Moderate_Early_VeryLate_123,ILS,4,896.0,0.0,741.0,413.0,Medium,Moderate
Medium_Moderate_Light_Medium_Moderate_Moderate_Early_VeryLate_123,ILS,7,891.0,0.0,741.0,413.0,Medium,Moderate
Medium_Moderate_Light_Medium_Moderate_Moderate_Early_VeryLate_123,ILS,6,855.0,0.0,741.0,413.0,Medium,Moderate
Medium_Moderate_Light_Medium_Moderate_Moderate_Early_VeryLate_123,ILS,5,891.0,0.0,741.0,413.0,Medium,Moderate
Medium_Moderate_Light_Medium_Moderate_Moderate_Early_VeryLate_123,ILS,10,894.0,0.0,741.0,413.0,Medium,Moderate
Medium_Moderate_Light_Medium_Moderate_Moderate_Early_VeryLate_123,RS,1,867.0,0.0,741.0,413.0,Medium,Moderate
Medium_Moderate_Light_High_Moderate_Moderate_Early_VeryLate_123,MIP,6,683.0,186.0,615.0,443.0,High,Moderate
Medium_Moderate_Light_High_Moderate_Moderate_Early_VeryLate_123,MIP,10,742.0,189.0,615.0,443.0,High,Moderate
Medium_Moderate_Light_High_Moderate_Moderate_Early_VeryLate_123,MIP,2,771.0,189.0,615.0,443.0,High,Moderate
Medium_Moderate_Light_High_Moderate_Moderate_Early_VeryLate_123,MIP,5,752.0,186.0,615.0,443.0,High,Moderate
Medium_Moderate_Light_High_Moderate_Moderate_Early_VeryLate_123,MIP,7,817.0,186.0,615.0,443.0,High,Moderate
Medium_Moderate_Light_High_Moderate_Moderate_Early_VeryLate_123,MIP,9,808.0,203.0,615.0,443.0,High,Moderate
Medium_Moderate_Light_High_Moderate_Moderate_Early_VeryLate_123,MIP,8,814.0,193.0,615.0,443.0,High,Moderate
Medium_Moderate_Light_High_Moderate_Moderate_Early_VeryLate_123,MIP,4,752.0,188.0,615.0,443.0,High,Moderate
Medium_Moderate_Light_High_Moderate_Moderate_Early_VeryLate_123,MIP,3,816.0,185.0,615.0,443.0,High,Moderate
Medium_Moderate_Light_High_Moderate_Moderate_Early_VeryLate_123,MIP,1,834.0,260.0,615.0,443.0,High,Moderate
Medium_Moderate_Light_High_Moderate_Moderate_Early_VeryLate_123,IBS,3,615.0,0.0,615.0,443.0,High,Moderate
Medium_Moderate_Light_High_Moderate_Moderate_Early_VeryLate_123,IBS,1,620.0,0.0,615.0,443.0,High,Moderate
Medium_Moderate_Light_High_Moderate_Moderate_Early_VeryLate_123,IBS,7,617.0,0.0,615.0,443.0,High,Moderate
Medium_Moderate_Light_High_Moderate_Moderate_Early_VeryLate_123,IBS,2,620.0,0.0,615.0,443.0,High,Moderate
Medium_Moderate_Light_High_Moderate_Moderate_Early_VeryLate_123,IBS,5,617.0,0.0,615.0,443.0,High,Moderate
Medium_Moderate_Light_High_Moderate_Moderate_Early_VeryLate_123,IBS,9,622.0,0.0,615.0,443.0,High,Moderate
Medium_Moderate_Light_High_Moderate_Moderate_Early_VeryLate_123,IBS,4,616.0,0.0,615.0,443.0,High,Moderate
Medium_Moderate_Light_High_Moderate_Moderate_Early_VeryLate_123,IBS,8,615.0,0.0,615.0,443.0,High,Moderate
Medium_Moderate_Light_High_Moderate_Moderate_Early_VeryLate_123,IBS,10,623.0,0.0,615.0,443.0,High,Moderate
Medium_Moderate_Light_High_Moderate_Moderate_Early_VeryLate_123,IBS,6,622.0,0.0,615.0,443.0,High,Moderate
Medium_Moderate_Light_High_Moderate_Moderate_Early_VeryLate_123,CUTH,7,822.0,0.0,615.0,443.0,High,Moderate
Medium_Moderate_Light_High_Moderate_Moderate_Early_VeryLate_123,CUTH,5,822.0,0.0,615.0,443.0,High,Moderate
Medium_Moderate_Light_High_Moderate_Moderate_Early_VeryLate_123,CUTH,10,822.0,0.0,615.0,443.0,High,Moderate
Medium_Moderate_Light_High_Moderate_Moderate_Early_VeryLate_123,CUTH,8,822.0,0.0,615.0,443.0,High,Moderate
Medium_Moderate_Light_High_Moderate_Moderate_Early_VeryLate_123,CUTH,2,822.0,0.0,615.0,443.0,High,Moderate
Medium_Moderate_Light_High_Moderate_Moderate_Early_VeryLate_123,CUTH,9,822.0,0.0,615.0,443.0,High,Moderate
Medium_Moderate_Light_High_Moderate_Moderate_Early_VeryLate_123,CUTH,3,822.0,0.0,615.0,443.0,High,Moderate
Medium_Moderate_Light_High_Moderate_Moderate_Early_VeryLate_123,CUTH,4,822.0,0.0,615.0,443.0,High,Moderate
Medium_Moderate_Light_High_Moderate_Moderate_Early_VeryLate_123,CUTH,1,822.0,0.0,615.0,443.0,High,Moderate
Medium_Moderate_Light_High_Moderate_Moderate_Early_VeryLate_123,CUTH,6,822.0,0.0,615.0,443.0,High,Moderate
Medium_Moderate_Light_High_Moderate_Moderate_Early_VeryLate_123,LBBD,9,894.0,438.0,615.0,443.0,High,Moderate
Medium_Moderate_Light_High_Moderate_Moderate_Early_VeryLate_123,LBBD,6,771.0,430.0,615.0,443.0,High,Moderate
Medium_Moderate_Light_High_Moderate_Moderate_Early_VeryLate_123,LBBD,1,898.0,409.0,615.0,443.0,High,Moderate
Medium_Moderate_Light_High_Moderate_Moderate_Early_VeryLate_123,LBBD,10,817.0,432.0,615.0,443.0,High,Moderate
Medium_Moderate_Light_High_Moderate_Moderate_Early_VeryLate_123,LBBD,3,900.0,436.0,615.0,443.0,High,Moderate
Medium_Moderate_Light_High_Moderate_Moderate_Early_VeryLate_123,LBBD,4,898.0,422.0,615.0,443.0,High,Moderate
Medium_Moderate_Light_High_Moderate_Moderate_Early_VeryLate_123,LBBD,8,840.0,435.0,615.0,443.0,High,Moderate
Medium_Moderate_Light_High_Moderate_Moderate_Early_VeryLate_123,LBBD,5,751.0,442.0,615.0,443.0,High,Moderate
Medium_Moderate_Light_High_Moderate_Moderate_Early_VeryLate_123,LBBD,2,824.0,443.0,615.0,443.0,High,Moderate
Medium_Moderate_Light_High_Moderate_Moderate_Early_VeryLate_123,LBBD,7,900.0,438.0,615.0,443.0,High,Moderate
Medium_Moderate_Light_High_Moderate_Moderate_Early_VeryLate_123,ILS,8,895.0,0.0,615.0,443.0,High,Moderate
Medium_Moderate_Light_High_Moderate_Moderate_Early_VeryLate_123,ILS,10,893.0,0.0,615.0,443.0,High,Moderate
Medium_Moderate_Light_High_Moderate_Moderate_Early_VeryLate_123,ILS,4,896.0,0.0,615.0,443.0,High,Moderate
Medium_Moderate_Light_High_Moderate_Moderate_Early_VeryLate_123,ILS,2,891.0,0.0,615.0,443.0,High,Moderate
Medium_Moderate_Light_High_Moderate_Moderate_Early_VeryLate_123,ILS,9,849.0,0.0,615.0,443.0,High,Moderate
Medium_Moderate_Light_High_Moderate_Moderate_Early_VeryLate_123,ILS,7,891.0,0.0,615.0,443.0,High,Moderate
Medium_Moderate_Light_High_Moderate_Moderate_Early_VeryLate_123,ILS,1,898.0,0.0,615.0,443.0,High,Moderate
Medium_Moderate_Light_High_Moderate_Moderate_Early_VeryLate_123,ILS,5,890.0,0.0,615.0,443.0,High,Moderate
Medium_Moderate_Light_High_Moderate_Moderate_Early_VeryLate_123,ILS,3,898.0,0.0,615.0,443.0,High,Moderate
Medium_Moderate_Light_High_Moderate_Moderate_Early_VeryLate_123,ILS,6,855.0,0.0,615.0,443.0,High,Moderate
Medium_Moderate_Light_High_Moderate_Moderate_Early_VeryLate_123,RS,1,867.0,0.0,615.0,443.0,High,Moderate
Medium_Moderate_Light_Low_Moderate_Moderate_Early_VeryLate_123,MIP,5,833.0,544.0,795.0,544.0,Low,Moderate
Medium_Moderate_Light_Low_Moderate_Moderate_Early_VeryLate_123,MIP,3,819.0,541.0,795.0,544.0,Low,Moderate
Medium_Moderate_Light_Low_Moderate_Moderate_Early_VeryLate_123,MIP,8,816.0,508.0,795.0,544.0,Low,Moderate
Medium_Moderate_Light_Low_Moderate_Moderate_Early_VeryLate_123,MIP,2,804.0,538.0,795.0,544.0,Low,Moderate
Medium_Moderate_Light_Low_Moderate_Moderate_Early_VeryLate_123,MIP,6,803.0,509.0,795.0,544.0,Low,Moderate
Medium_Moderate_Light_Low_Moderate_Moderate_Early_VeryLate_123,MIP,10,822.0,506.0,795.0,544.0,Low,Moderate
Medium_Moderate_Light_Low_Moderate_Moderate_Early_VeryLate_123,MIP,7,795.0,540.0,795.0,544.0,Low,Moderate
Medium_Moderate_Light_Low_Moderate_Moderate_Early_VeryLate_123,MIP,9,816.0,540.0,795.0,544.0,Low,Moderate
Medium_Moderate_Light_Low_Moderate_Moderate_Early_VeryLate_123,MIP,4,798.0,508.0,795.0,544.0,Low,Moderate
Medium_Moderate_Light_Low_Moderate_Moderate_Early_VeryLate_123,MIP,1,831.0,541.0,795.0,544.0,Low,Moderate
Medium_Moderate_Light_Low_Moderate_Moderate_Early_VeryLate_123,IBS,5,838.0,0.0,795.0,544.0,Low,Moderate
Medium_Moderate_Light_Low_Moderate_Moderate_Early_VeryLate_123,IBS,2,839.0,0.0,795.0,544.0,Low,Moderate
Medium_Moderate_Light_Low_Moderate_Moderate_Early_VeryLate_123,IBS,6,838.0,0.0,795.0,544.0,Low,Moderate
Medium_Moderate_Light_Low_Moderate_Moderate_Early_VeryLate_123,IBS,7,840.0,0.0,795.0,544.0,Low,Moderate
Medium_Moderate_Light_Low_Moderate_Moderate_Early_VeryLate_123,IBS,8,839.0,0.0,795.0,544.0,Low,Moderate
Medium_Moderate_Light_Low_Moderate_Moderate_Early_VeryLate_123,IBS,4,834.0,0.0,795.0,544.0,Low,Moderate
Medium_Moderate_Light_Low_Moderate_Moderate_Early_VeryLate_123,IBS,9,841.0,0.0,795.0,544.0,Low,Moderate
Medium_Moderate_Light_Low_Moderate_Moderate_Early_VeryLate_123,IBS,3,838.0,0.0,795.0,544.0,Low,Moderate
Medium_Moderate_Light_Low_Moderate_Moderate_Early_VeryLate_123,IBS,1,840.0,0.0,795.0,544.0,Low,Moderate
Medium_Moderate_Light_Low_Moderate_Moderate_Early_VeryLate_123,IBS,10,841.0,0.0,795.0,544.0,Low,Moderate
Medium_Moderate_Light_Low_Moderate_Moderate_Early_VeryLate_123,CUTH,8,841.0,0.0,795.0,544.0,Low,Moderate
Medium_Moderate_Light_Low_Moderate_Moderate_Early_VeryLate_123,CUTH,10,841.0,0.0,795.0,544.0,Low,Moderate
Medium_Moderate_Light_Low_Moderate_Moderate_Early_VeryLate_123,CUTH,3,841.0,0.0,795.0,544.0,Low,Moderate
Medium_Moderate_Light_Low_Moderate_Moderate_Early_VeryLate_123,CUTH,1,841.0,0.0,795.0,544.0,Low,Moderate
Medium_Moderate_Light_Low_Moderate_Moderate_Early_VeryLate_123,CUTH,9,841.0,0.0,795.0,544.0,Low,Moderate
Medium_Moderate_Light_Low_Moderate_Moderate_Early_VeryLate_123,CUTH,5,841.0,0.0,795.0,544.0,Low,Moderate
Medium_Moderate_Light_Low_Moderate_Moderate_Early_VeryLate_123,CUTH,4,841.0,0.0,795.0,544.0,Low,Moderate
Medium_Moderate_Light_Low_Moderate_Moderate_Early_VeryLate_123,CUTH,7,841.0,0.0,795.0,544.0,Low,Moderate
Medium_Moderate_Light_Low_Moderate_Moderate_Early_VeryLate_123,CUTH,6,841.0,0.0,795.0,544.0,Low,Moderate
Medium_Moderate_Light_Low_Moderate_Moderate_Early_VeryLate_123,CUTH,2,841.0,0.0,795.0,544.0,Low,Moderate
Medium_Moderate_Light_Low_Moderate_Moderate_Early_VeryLate_123,LBBD,3,900.0,333.0,795.0,544.0,Low,Moderate
Medium_Moderate_Light_Low_Moderate_Moderate_Early_VeryLate_123,LBBD,1,896.0,235.0,795.0,544.0,Low,Moderate
Medium_Moderate_Light_Low_Moderate_Moderate_Early_VeryLate_123,LBBD,9,895.0,215.0,795.0,544.0,Low,Moderate
Medium_Moderate_Light_Low_Moderate_Moderate_Early_VeryLate_123,LBBD,8,891.0,290.0,795.0,544.0,Low,Moderate
Medium_Moderate_Light_Low_Moderate_Moderate_Early_VeryLate_123,LBBD,2,891.0,308.0,795.0,544.0,Low,Moderate
Medium_Moderate_Light_Low_Moderate_Moderate_Early_VeryLate_123,LBBD,7,885.0,343.0,795.0,544.0,Low,Moderate
Medium_Moderate_Light_Low_Moderate_Moderate_Early_VeryLate_123,LBBD,5,889.0,361.0,795.0,544.0,Low,Moderate
Medium_Moderate_Light_Low_Moderate_Moderate_Early_VeryLate_123,LBBD,6,885.0,279.0,795.0,544.0,Low,Moderate
Medium_Moderate_Light_Low_Moderate_Moderate_Early_VeryLate_123,LBBD,10,895.0,323.0,795.0,544.0,Low,Moderate
Medium_Moderate_Light_Low_Moderate_Moderate_Early_VeryLate_123,LBBD,4,881.0,313.0,795.0,544.0,Low,Moderate
Medium_Moderate_Light_Low_Moderate_Moderate_Early_VeryLate_123,ILS,6,894.0,0.0,795.0,544.0,Low,Moderate
Medium_Moderate_Light_Low_Moderate_Moderate_Early_VeryLate_123,ILS,2,898.0,0.0,795.0,544.0,Low,Moderate
Medium_Moderate_Light_Low_Moderate_Moderate_Early_VeryLate_123,ILS,5,898.0,0.0,795.0,544.0,Low,Moderate
Medium_Moderate_Light_Low_Moderate_Moderate_Early_VeryLate_123,ILS,3,899.0,0.0,795.0,544.0,Low,Moderate
Medium_Moderate_Light_Low_Moderate_Moderate_Early_VeryLate_123,ILS,9,899.0,0.0,795.0,544.0,Low,Moderate
Medium_Moderate_Light_Low_Moderate_Moderate_Early_VeryLate_123,ILS,8,864.0,0.0,795.0,544.0,Low,Moderate
Medium_Moderate_Light_Low_Moderate_Moderate_Early_VeryLate_123,ILS,1,896.0,0.0,795.0,544.0,Low,Moderate
Medium_Moderate_Light_Low_Moderate_Moderate_Early_VeryLate_123,ILS,4,897.0,0.0,795.0,544.0,Low,Moderate
Medium_Moderate_Light_Low_Moderate_Moderate_Early_VeryLate_123,ILS,7,898.0,0.0,795.0,544.0,Low,Moderate
Medium_Moderate_Light_Low_Moderate_Moderate_Early_VeryLate_123,ILS,10,894.0,0.0,795.0,544.0,Low,Moderate
Medium_Moderate_Light_Low_Moderate_Moderate_Early_VeryLate_123,RS,1,868.0,0.0,795.0,544.0,Low,Moderate
Medium_Moderate_Light_Medium_Many_Moderate_Early_VeryLate_123,MIP,4,667.0,205.0,398.0,215.0,Medium,Many
Medium_Moderate_Light_Medium_Many_Moderate_Early_VeryLate_123,MIP,7,430.0,210.0,398.0,215.0,Medium,Many
Medium_Moderate_Light_Medium_Many_Moderate_Early_VeryLate_123,MIP,2,398.0,209.0,398.0,215.0,Medium,Many
Medium_Moderate_Light_Medium_Many_Moderate_Early_VeryLate_123,MIP,9,430.0,182.0,398.0,215.0,Medium,Many
Medium_Moderate_Light_Medium_Many_Moderate_Early_VeryLate_123,MIP,10,717.0,207.0,398.0,215.0,Medium,Many
Medium_Moderate_Light_Medium_Many_Moderate_Early_VeryLate_123,MIP,6,420.0,208.0,398.0,215.0,Medium,Many
Medium_Moderate_Light_Medium_Many_Moderate_Early_VeryLate_123,MIP,1,428.0,189.0,398.0,215.0,Medium,Many
Medium_Moderate_Light_Medium_Many_Moderate_Early_VeryLate_123,MIP,8,408.0,209.0,398.0,215.0,Medium,Many
Medium_Moderate_Light_Medium_Many_Moderate_Early_VeryLate_123,MIP,3,412.0,204.0,398.0,215.0,Medium,Many
Medium_Moderate_Light_Medium_Many_Moderate_Early_VeryLate_123,MIP,5,557.0,209.0,398.0,215.0,Medium,Many
Medium_Moderate_Light_Medium_Many_Moderate_Early_VeryLate_123,IBS,2,471.0,0.0,398.0,215.0,Medium,Many
Medium_Moderate_Light_Medium_Many_Moderate_Early_VeryLate_123,IBS,7,502.0,0.0,398.0,215.0,Medium,Many
Medium_Moderate_Light_Medium_Many_Moderate_Early_VeryLate_123,IBS,1,495.0,0.0,398.0,215.0,Medium,Many
Medium_Moderate_Light_Medium_Many_Moderate_Early_VeryLate_123,IBS,8,466.0,0.0,398.0,215.0,Medium,Many
Medium_Moderate_Light_Medium_Many_Moderate_Early_VeryLate_123,IBS,3,499.0,0.0,398.0,215.0,Medium,Many
Medium_Moderate_Light_Medium_Many_Moderate_Early_VeryLate_123,IBS,9,485.0,0.0,398.0,215.0,Medium,Many
Medium_Moderate_Light_Medium_Many_Moderate_Early_VeryLate_123,IBS,10,471.0,0.0,398.0,215.0,Medium,Many
Medium_Moderate_Light_Medium_Many_Moderate_Early_VeryLate_123,IBS,6,482.0,0.0,398.0,215.0,Medium,Many
Medium_Moderate_Light_Medium_Many_Moderate_Early_VeryLate_123,IBS,4,474.0,0.0,398.0,215.0,Medium,Many
Medium_Moderate_Light_Medium_Many_Moderate_Early_VeryLate_123,IBS,5,494.0,0.0,398.0,215.0,Medium,Many
Medium_Moderate_Light_Medium_Many_Moderate_Early_VeryLate_123,CUTH,1,761.0,0.0,398.0,215.0,Medium,Many
Medium_Moderate_Light_Medium_Many_Moderate_Early_VeryLate_123,CUTH,2,761.0,0.0,398.0,215.0,Medium,Many
Medium_Moderate_Light_Medium_Many_Moderate_Early_VeryLate_123,CUTH,3,761.0,0.0,398.0,215.0,Medium,Many
Medium_Moderate_Light_Medium_Many_Moderate_Early_VeryLate_123,CUTH,9,761.0,0.0,398.0,215.0,Medium,Many
Medium_Moderate_Light_Medium_Many_Moderate_Early_VeryLate_123,CUTH,5,761.0,0.0,398.0,215.0,Medium,Many
Medium_Moderate_Light_Medium_Many_Moderate_Early_VeryLate_123,CUTH,7,761.0,0.0,398.0,215.0,Medium,Many
Medium_Moderate_Light_Medium_Many_Moderate_Early_VeryLate_123,CUTH,6,761.0,0.0,398.0,215.0,Medium,Many
Medium_Moderate_Light_Medium_Many_Moderate_Early_VeryLate_123,CUTH,10,761.0,0.0,398.0,215.0,Medium,Many
Medium_Moderate_Light_Medium_Many_Moderate_Early_VeryLate_123,CUTH,8,761.0,0.0,398.0,215.0,Medium,Many
Medium_Moderate_Light_Medium_Many_Moderate_Early_VeryLate_123,CUTH,4,761.0,0.0,398.0,215.0,Medium,Many
Medium_Moderate_Light_Medium_Many_Moderate_Early_VeryLate_123,LBBD,9,882.0,157.0,398.0,215.0,Medium,Many
Medium_Moderate_Light_Medium_Many_Moderate_Early_VeryLate_123,LBBD,1,826.0,215.0,398.0,215.0,Medium,Many
Medium_Moderate_Light_Medium_Many_Moderate_Early_VeryLate_123,LBBD,4,878.0,182.0,398.0,215.0,Medium,Many
Medium_Moderate_Light_Medium_Many_Moderate_Early_VeryLate_123,LBBD,7,870.0,185.0,398.0,215.0,Medium,Many
Medium_Moderate_Light_Medium_Many_Moderate_Early_VeryLate_123,LBBD,2,877.0,210.0,398.0,215.0,Medium,Many
Medium_Moderate_Light_Medium_Many_Moderate_Early_VeryLate_123,LBBD,8,882.0,137.0,398.0,215.0,Medium,Many
Medium_Moderate_Light_Medium_Many_Moderate_Early_VeryLate_123,LBBD,6,900.0,164.0,398.0,215.0,Medium,Many
Medium_Moderate_Light_Medium_Many_Moderate_Early_VeryLate_123,LBBD,5,884.0,187.0,398.0,215.0,Medium,Many
Medium_Moderate_Light_Medium_Many_Moderate_Early_VeryLate_123,LBBD,3,887.0,179.0,398.0,215.0,Medium,Many
Medium_Moderate_Light_Medium_Many_Moderate_Early_VeryLate_123,LBBD,10,900.0,176.0,398.0,215.0,Medium,Many
Medium_Moderate_Light_Medium_Many_Moderate_Early_VeryLate_123,ILS,5,892.0,0.0,398.0,215.0,Medium,Many
Medium_Moderate_Light_Medium_Many_Moderate_Early_VeryLate_123,ILS,8,868.0,0.0,398.0,215.0,Medium,Many
Medium_Moderate_Light_Medium_Many_Moderate_Early_VeryLate_123,ILS,7,890.0,0.0,398.0,215.0,Medium,Many
Medium_Moderate_Light_Medium_Many_Moderate_Early_VeryLate_123,ILS,2,895.0,0.0,398.0,215.0,Medium,Many
Medium_Moderate_Light_Medium_Many_Moderate_Early_VeryLate_123,ILS,9,891.0,0.0,398.0,215.0,Medium,Many
Medium_Moderate_Light_Medium_Many_Moderate_Early_VeryLate_123,ILS,4,890.0,0.0,398.0,215.0,Medium,Many
Medium_Moderate_Light_Medium_Many_Moderate_Early_VeryLate_123,ILS,6,783.0,0.0,398.0,215.0,Medium,Many
Medium_Moderate_Light_Medium_Many_Moderate_Early_VeryLate_123,ILS,3,855.0,0.0,398.0,215.0,Medium,Many
Medium_Moderate_Light_Medium_Many_Moderate_Early_VeryLate_123,ILS,10,898.0,0.0,398.0,215.0,Medium,Many
Medium_Moderate_Light_Medium_Many_Moderate_Early_VeryLate_123,ILS,1,879.0,0.0,398.0,215.0,Medium,Many
Medium_Moderate_Light_Medium_Many_Moderate_Early_VeryLate_123,RS,1,852.0,0.0,398.0,215.0,Medium,Many
Medium_Moderate_Light_Low_Many_Moderate_Early_VeryLate_123,MIP,1,553.0,313.0,504.0,313.0,Low,Many
Medium_Moderate_Light_Low_Many_Moderate_Early_VeryLate_123,MIP,4,527.0,309.0,504.0,313.0,Low,Many
Medium_Moderate_Light_Low_Many_Moderate_Early_VeryLate_123,MIP,2,527.0,309.0,504.0,313.0,Low,Many
Medium_Moderate_Light_Low_Many_Moderate_Early_VeryLate_123,MIP,6,537.0,313.0,504.0,313.0,Low,Many
Medium_Moderate_Light_Low_Many_Moderate_Early_VeryLate_123,MIP,10,509.0,307.0,504.0,313.0,Low,Many
Medium_Moderate_Light_Low_Many_Moderate_Early_VeryLate_123,MIP,7,527.0,269.0,504.0,313.0,Low,Many
Medium_Moderate_Light_Low_Many_Moderate_Early_VeryLate_123,MIP,9,595.0,313.0,504.0,313.0,Low,Many
Medium_Moderate_Light_Low_Many_Moderate_Early_VeryLate_123,MIP,8,535.0,306.0,504.0,313.0,Low,Many
Medium_Moderate_Light_Low_Many_Moderate_Early_VeryLate_123,MIP,3,504.0,312.0,504.0,313.0,Low,Many
Medium_Moderate_Light_Low_Many_Moderate_Early_VeryLate_123,MIP,5,549.0,304.0,504.0,313.0,Low,Many
Medium_Moderate_Light_Low_Many_Moderate_Early_VeryLate_123,IBS,6,559.0,0.0,504.0,313.0,Low,Many
Medium_Moderate_Light_Low_Many_Moderate_Early_VeryLate_123,IBS,3,555.0,0.0,504.0,313.0,Low,Many
Medium_Moderate_Light_Low_Many_Moderate_Early_VeryLate_123,IBS,9,555.0,0.0,504.0,313.0,Low,Many
Medium_Moderate_Light_Low_Many_Moderate_Early_VeryLate_123,IBS,10,561.0,0.0,504.0,313.0,Low,Many
Medium_Moderate_Light_Low_Many_Moderate_Early_VeryLate_123,IBS,8,555.0,0.0,504.0,313.0,Low,Many
Medium_Moderate_Light_Low_Many_Moderate_Early_VeryLate_123,IBS,5,553.0,0.0,504.0,313.0,Low,Many
Medium_Moderate_Light_Low_Many_Moderate_Early_VeryLate_123,IBS,7,559.0,0.0,504.0,313.0,Low,Many
Medium_Moderate_Light_Low_Many_Moderate_Early_VeryLate_123,IBS,1,548.0,0.0,504.0,313.0,Low,Many
Medium_Moderate_Light_Low_Many_Moderate_Early_VeryLate_123,IBS,2,555.0,0.0,504.0,313.0,Low,Many
Medium_Moderate_Light_Low_Many_Moderate_Early_VeryLate_123,IBS,4,560.0,0.0,504.0,313.0,Low,Many
Medium_Moderate_Light_Low_Many_Moderate_Early_VeryLate_123,CUTH,9,840.0,0.0,504.0,313.0,Low,Many
Medium_Moderate_Light_Low_Many_Moderate_Early_VeryLate_123,CUTH,8,840.0,0.0,504.0,313.0,Low,Many
Medium_Moderate_Light_Low_Many_Moderate_Early_VeryLate_123,CUTH,2,840.0,0.0,504.0,313.0,Low,Many
Medium_Moderate_Light_Low_Many_Moderate_Early_VeryLate_123,CUTH,5,840.0,0.0,504.0,313.0,Low,Many
Medium_Moderate_Light_Low_Many_Moderate_Early_VeryLate_123,CUTH,10,840.0,0.0,504.0,313.0,Low,Many
Medium_Moderate_Light_Low_Many_Moderate_Early_VeryLate_123,CUTH,4,840.0,0.0,504.0,313.0,Low,Many
Medium_Moderate_Light_Low_Many_Moderate_Early_VeryLate_123,CUTH,3,840.0,0.0,504.0,313.0,Low,Many
Medium_Moderate_Light_Low_Many_Moderate_Early_VeryLate_123,CUTH,7,840.0,0.0,504.0,313.0,Low,Many
Medium_Moderate_Light_Low_Many_Moderate_Early_VeryLate_123,CUTH,6,840.0,0.0,504.0,313.0,Low,Many
Medium_Moderate_Light_Low_Many_Moderate_Early_VeryLate_123,CUTH,1,840.0,0.0,504.0,313.0,Low,Many
Medium_Moderate_Light_Low_Many_Moderate_Early_VeryLate_123,LBBD,5,891.0,147.0,504.0,313.0,Low,Many
Medium_Moderate_Light_Low_Many_Moderate_Early_VeryLate_123,LBBD,2,898.0,210.0,504.0,313.0,Low,Many
Medium_Moderate_Light_Low_Many_Moderate_Early_VeryLate_123,LBBD,8,890.0,159.0,504.0,313.0,Low,Many
Medium_Moderate_Light_Low_Many_Moderate_Early_VeryLate_123,LBBD,1,893.0,180.0,504.0,313.0,Low,Many
Medium_Moderate_Light_Low_Many_Moderate_Early_VeryLate_123,LBBD,3,898.0,134.0,504.0,313.0,Low,Many
Medium_Moderate_Light_Low_Many_Moderate_Early_VeryLate_123,LBBD,6,898.0,150.0,504.0,313.0,Low,Many
Medium_Moderate_Light_Low_Many_Moderate_Early_VeryLate_123,LBBD,10,888.0,173.0,504.0,313.0,Low,Many
Medium_Moderate_Light_Low_Many_Moderate_Early_VeryLate_123,LBBD,9,898.0,124.0,504.0,313.0,Low,Many
Medium_Moderate_Light_Low_Many_Moderate_Early_VeryLate_123,LBBD,7,891.0,173.0,504.0,313.0,Low,Many
Medium_Moderate_Light_Low_Many_Moderate_Early_VeryLate_123,LBBD,4,895.0,170.0,504.0,313.0,Low,Many
Medium_Moderate_Light_Low_Many_Moderate_Early_VeryLate_123,ILS,8,868.0,0.0,504.0,313.0,Low,Many
Medium_Moderate_Light_Low_Many_Moderate_Early_VeryLate_123,ILS,9,894.0,0.0,504.0,313.0,Low,Many
Medium_Moderate_Light_Low_Many_Moderate_Early_VeryLate_123,ILS,4,897.0,0.0,504.0,313.0,Low,Many
Medium_Moderate_Light_Low_Many_Moderate_Early_VeryLate_123,ILS,5,896.0,0.0,504.0,313.0,Low,Many
Medium_Moderate_Light_Low_Many_Moderate_Early_VeryLate_123,ILS,6,837.0,0.0,504.0,313.0,Low,Many
Medium_Moderate_Light_Low_Many_Moderate_Early_VeryLate_123,ILS,3,858.0,0.0,504.0,313.0,Low,Many
Medium_Moderate_Light_Low_Many_Moderate_Early_VeryLate_123,ILS,7,898.0,0.0,504.0,313.0,Low,Many
Medium_Moderate_Light_Low_Many_Moderate_Early_VeryLate_123,ILS,10,899.0,0.0,504.0,313.0,Low,Many
Medium_Moderate_Light_Low_Many_Moderate_Early_VeryLate_123,ILS,1,891.0,0.0,504.0,313.0,Low,Many
Medium_Moderate_Light_Low_Many_Moderate_Early_VeryLate_123,ILS,2,898.0,0.0,504.0,313.0,Low,Many
Medium_Moderate_Light_Low_Many_Moderate_Early_VeryLate_123,RS,1,854.0,0.0,504.0,313.0,Low,Many
Medium_Moderate_Light_High_Many_Moderate_Early_VeryLate_123,MIP,5,356.0,180.0,338.0,275.0,High,Many
Medium_Moderate_Light_High_Many_Moderate_Early_VeryLate_123,MIP,1,338.0,176.0,338.0,275.0,High,Many
Medium_Moderate_Light_High_Many_Moderate_Early_VeryLate_123,MIP,4,574.0,178.0,338.0,275.0,High,Many
Medium_Moderate_Light_High_Many_Moderate_Early_VeryLate_123,MIP,6,353.0,177.0,338.0,275.0,High,Many
Medium_Moderate_Light_High_Many_Moderate_Early_VeryLate_123,MIP,9,397.0,179.0,338.0,275.0,High,Many
Medium_Moderate_Light_High_Many_Moderate_Early_VeryLate_123,MIP,7,346.0,177.0,338.0,275.0,High,Many
Medium_Moderate_Light_High_Many_Moderate_Early_VeryLate_123,MIP,10,382.0,176.0,338.0,275.0,High,Many
Medium_Moderate_Light_High_Many_Moderate_Early_VeryLate_123,MIP,2,515.0,176.0,338.0,275.0,High,Many
Medium_Moderate_Light_High_Many_Moderate_Early_VeryLate_123,MIP,8,341.0,177.0,338.0,275.0,High,Many
Medium_Moderate_Light_High_Many_Moderate_Early_VeryLate_123,MIP,3,352.0,177.0,338.0,275.0,High,Many
Medium_Moderate_Light_High_Many_Moderate_Early_VeryLate_123,IBS,3,365.0,0.0,338.0,275.0,High,Many
Medium_Moderate_Light_High_Many_Moderate_Early_VeryLate_123,IBS,6,370.0,0.0,338.0,275.0,High,Many
Medium_Moderate_Light_High_Many_Moderate_Early_VeryLate_123,IBS,4,345.0,0.0,338.0,275.0,High,Many
Medium_Moderate_Light_High_Many_Moderate_Early_VeryLate_123,IBS,7,355.0,0.0,338.0,275.0,High,Many
Medium_Moderate_Light_High_Many_Moderate_Early_VeryLate_123,IBS,5,373.0,0.0,338.0,275.0,High,Many
Medium_Moderate_Light_High_Many_Moderate_Early_VeryLate_123,IBS,8,363.0,0.0,338.0,275.0,High,Many
Medium_Moderate_Light_High_Many_Moderate_Early_VeryLate_123,IBS,1,374.0,0.0,338.0,275.0,High,Many
Medium_Moderate_Light_High_Many_Moderate_Early_VeryLate_123,IBS,9,377.0,0.0,338.0,275.0,High,Many
Medium_Moderate_Light_High_Many_Moderate_Early_VeryLate_123,IBS,10,349.0,0.0,338.0,275.0,High,Many
Medium_Moderate_Light_High_Many_Moderate_Early_VeryLate_123,IBS,2,373.0,0.0,338.0,275.0,High,Many
Medium_Moderate_Light_High_Many_Moderate_Early_VeryLate_123,CUTH,9,761.0,0.0,338.0,275.0,High,Many
Medium_Moderate_Light_High_Many_Moderate_Early_VeryLate_123,CUTH,10,761.0,0.0,338.0,275.0,High,Many
Medium_Moderate_Light_High_Many_Moderate_Early_VeryLate_123,CUTH,8,761.0,0.0,338.0,275.0,High,Many
Medium_Moderate_Light_High_Many_Moderate_Early_VeryLate_123,CUTH,2,761.0,0.0,338.0,275.0,High,Many
Medium_Moderate_Light_High_Many_Moderate_Early_VeryLate_123,CUTH,6,761.0,0.0,338.0,275.0,High,Many
Medium_Moderate_Light_High_Many_Moderate_Early_VeryLate_123,CUTH,1,761.0,0.0,338.0,275.0,High,Many
Medium_Moderate_Light_High_Many_Moderate_Early_VeryLate_123,CUTH,5,761.0,0.0,338.0,275.0,High,Many
Medium_Moderate_Light_High_Many_Moderate_Early_VeryLate_123,CUTH,4,761.0,0.0,338.0,275.0,High,Many
Medium_Moderate_Light_High_Many_Moderate_Early_VeryLate_123,CUTH,7,761.0,0.0,338.0,275.0,High,Many
Medium_Moderate_Light_High_Many_Moderate_Early_VeryLate_123,CUTH,3,761.0,0.0,338.0,275.0,High,Many
Medium_Moderate_Light_High_Many_Moderate_Early_VeryLate_123,LBBD,3,898.0,245.0,338.0,275.0,High,Many
Medium_Moderate_Light_High_Many_Moderate_Early_VeryLate_123,LBBD,5,806.0,270.0,338.0,275.0,High,Many
Medium_Moderate_Light_High_Many_Moderate_Early_VeryLate_123,LBBD,2,900.0,259.0,338.0,275.0,High,Many
Medium_Moderate_Light_High_Many_Moderate_Early_VeryLate_123,LBBD,4,678.0,252.0,338.0,275.0,High,Many
Medium_Moderate_Light_High_Many_Moderate_Early_VeryLate_123,LBBD,7,408.0,256.0,338.0,275.0,High,Many
Medium_Moderate_Light_High_Many_Moderate_Early_VeryLate_123,LBBD,9,881.0,260.0,338.0,275.0,High,Many
Medium_Moderate_Light_High_Many_Moderate_Early_VeryLate_123,LBBD,6,899.0,244.0,338.0,275.0,High,Many
Medium_Moderate_Light_High_Many_Moderate_Early_VeryLate_123,LBBD,8,860.0,268.0,338.0,275.0,High,Many
Medium_Moderate_Light_High_Many_Moderate_Early_VeryLate_123,LBBD,10,537.0,241.0,338.0,275.0,High,Many
Medium_Moderate_Light_High_Many_Moderate_Early_VeryLate_123,LBBD,1,889.0,275.0,338.0,275.0,High,Many
Medium_Moderate_Light_High_Many_Moderate_Early_VeryLate_123,ILS,4,890.0,0.0,338.0,275.0,High,Many
Medium_Moderate_Light_High_Many_Moderate_Early_VeryLate_123,ILS,9,890.0,0.0,338.0,275.0,High,Many
Medium_Moderate_Light_High_Many_Moderate_Early_VeryLate_123,ILS,3,855.0,0.0,338.0,275.0,High,Many
Medium_Moderate_Light_High_Many_Moderate_Early_VeryLate_123,ILS,5,892.0,0.0,338.0,275.0,High,Many
Medium_Moderate_Light_High_Many_Moderate_Early_VeryLate_123,ILS,10,898.0,0.0,338.0,275.0,High,Many
Medium_Moderate_Light_High_Many_Moderate_Early_VeryLate_123,ILS,6,757.0,0.0,338.0,275.0,High,Many
Medium_Moderate_Light_High_Many_Moderate_Early_VeryLate_123,ILS,2,895.0,0.0,338.0,275.0,High,Many
Medium_Moderate_Light_High_Many_Moderate_Early_VeryLate_123,ILS,1,876.0,0.0,338.0,275.0,High,Many
Medium_Moderate_Light_High_Many_Moderate_Early_VeryLate_123,ILS,8,866.0,0.0,338.0,275.0,High,Many
Medium_Moderate_Light_High_Many_Moderate_Early_VeryLate_123,ILS,7,890.0,0.0,338.0,275.0,High,Many
Medium_Moderate_Light_High_Many_Moderate_Early_VeryLate_123,RS,1,852.0,0.0,338.0,275.0,High,Many
Medium_Moderate_Light_Low_Few_Moderate_Early_VeryLate_123,MIP,7,849.0,700.0,848.0,728.0,Low,Few
Medium_Moderate_Light_Low_Few_Moderate_Early_VeryLate_123,MIP,8,850.0,702.0,848.0,728.0,Low,Few
Medium_Moderate_Light_Low_Few_Moderate_Early_VeryLate_123,MIP,3,852.0,727.0,848.0,728.0,Low,Few
Medium_Moderate_Light_Low_Few_Moderate_Early_VeryLate_123,MIP,6,856.0,727.0,848.0,728.0,Low,Few
Medium_Moderate_Light_Low_Few_Moderate_Early_VeryLate_123,MIP,1,868.0,728.0,848.0,728.0,Low,Few
Medium_Moderate_Light_Low_Few_Moderate_Early_VeryLate_123,MIP,5,848.0,696.0,848.0,728.0,Low,Few
Medium_Moderate_Light_Low_Few_Moderate_Early_VeryLate_123,MIP,2,849.0,695.0,848.0,728.0,Low,Few
Medium_Moderate_Light_Low_Few_Moderate_Early_VeryLate_123,MIP,9,851.0,723.0,848.0,728.0,Low,Few
Medium_Moderate_Light_Low_Few_Moderate_Early_VeryLate_123,MIP,4,848.0,725.0,848.0,728.0,Low,Few
Medium_Moderate_Light_Low_Few_Moderate_Early_VeryLate_123,MIP,10,853.0,727.0,848.0,728.0,Low,Few
Medium_Moderate_Light_Low_Few_Moderate_Early_VeryLate_123,IBS,1,894.0,0.0,848.0,728.0,Low,Few
Medium_Moderate_Light_Low_Few_Moderate_Early_VeryLate_123,IBS,9,894.0,0.0,848.0,728.0,Low,Few
Medium_Moderate_Light_Low_Few_Moderate_Early_VeryLate_123,IBS,3,894.0,0.0,848.0,728.0,Low,Few
Medium_Moderate_Light_Low_Few_Moderate_Early_VeryLate_123,IBS,6,894.0,0.0,848.0,728.0,Low,Few
Medium_Moderate_Light_Low_Few_Moderate_Early_VeryLate_123,IBS,7,894.0,0.0,848.0,728.0,Low,Few
Medium_Moderate_Light_Low_Few_Moderate_Early_VeryLate_123,IBS,2,894.0,0.0,848.0,728.0,Low,Few
Medium_Moderate_Light_Low_Few_Moderate_Early_VeryLate_123,IBS,5,894.0,0.0,848.0,728.0,Low,Few
Medium_Moderate_Light_Low_Few_Moderate_Early_VeryLate_123,IBS,4,894.0,0.0,848.0,728.0,Low,Few
Medium_Moderate_Light_Low_Few_Moderate_Early_VeryLate_123,IBS,10,894.0,0.0,848.0,728.0,Low,Few
Medium_Moderate_Light_Low_Few_Moderate_Early_VeryLate_123,IBS,8,894.0,0.0,848.0,728.0,Low,Few
Medium_Moderate_Light_Low_Few_Moderate_Early_VeryLate_123,CUTH,7,849.0,0.0,848.0,728.0,Low,Few
Medium_Moderate_Light_Low_Few_Moderate_Early_VeryLate_123,CUTH,5,849.0,0.0,848.0,728.0,Low,Few
Medium_Moderate_Light_Low_Few_Moderate_Early_VeryLate_123,CUTH,2,849.0,0.0,848.0,728.0,Low,Few
Medium_Moderate_Light_Low_Few_Moderate_Early_VeryLate_123,CUTH,9,849.0,0.0,848.0,728.0,Low,Few
Medium_Moderate_Light_Low_Few_Moderate_Early_VeryLate_123,CUTH,8,849.0,0.0,848.0,728.0,Low,Few
Medium_Moderate_Light_Low_Few_Moderate_Early_VeryLate_123,CUTH,10,849.0,0.0,848.0,728.0,Low,Few
Medium_Moderate_Light_Low_Few_Moderate_Early_VeryLate_123,CUTH,1,849.0,0.0,848.0,728.0,Low,Few
Medium_Moderate_Light_Low_Few_Moderate_Early_VeryLate_123,CUTH,6,849.0,0.0,848.0,728.0,Low,Few
Medium_Moderate_Light_Low_Few_Moderate_Early_VeryLate_123,CUTH,3,849.0,0.0,848.0,728.0,Low,Few
Medium_Moderate_Light_Low_Few_Moderate_Early_VeryLate_123,CUTH,4,849.0,0.0,848.0,728.0,Low,Few
Medium_Moderate_Light_Low_Few_Moderate_Early_VeryLate_123,LBBD,9,849.0,524.0,848.0,728.0,Low,Few
Medium_Moderate_Light_Low_Few_Moderate_Early_VeryLate_123,LBBD,1,859.0,384.0,848.0,728.0,Low,Few
Medium_Moderate_Light_Low_Few_Moderate_Early_VeryLate_123,LBBD,5,849.0,498.0,848.0,728.0,Low,Few
Medium_Moderate_Light_Low_Few_Moderate_Early_VeryLate_123,LBBD,2,899.0,589.0,848.0,728.0,Low,Few
Medium_Moderate_Light_Low_Few_Moderate_Early_VeryLate_123,LBBD,10,898.0,484.0,848.0,728.0,Low,Few
Medium_Moderate_Light_Low_Few_Moderate_Early_VeryLate_123,LBBD,4,877.0,515.0,848.0,728.0,Low,Few
Medium_Moderate_Light_Low_Few_Moderate_Early_VeryLate_123,LBBD,6,858.0,483.0,848.0,728.0,Low,Few
Medium_Moderate_Light_Low_Few_Moderate_Early_VeryLate_123,LBBD,8,897.0,441.0,848.0,728.0,Low,Few
Medium_Moderate_Light_Low_Few_Moderate_Early_VeryLate_123,LBBD,7,900.0,584.0,848.0,728.0,Low,Few
Medium_Moderate_Light_Low_Few_Moderate_Early_VeryLate_123,LBBD,3,850.0,534.0,848.0,728.0,Low,Few
Medium_Moderate_Light_Low_Few_Moderate_Early_VeryLate_123,ILS,4,898.0,0.0,848.0,728.0,Low,Few
Medium_Moderate_Light_Low_Few_Moderate_Early_VeryLate_123,ILS,8,883.0,0.0,848.0,728.0,Low,Few
Medium_Moderate_Light_Low_Few_Moderate_Early_VeryLate_123,ILS,9,888.0,0.0,848.0,728.0,Low,Few
Medium_Moderate_Light_Low_Few_Moderate_Early_VeryLate_123,ILS,3,888.0,0.0,848.0,728.0,Low,Few
Medium_Moderate_Light_Low_Few_Moderate_Early_VeryLate_123,ILS,6,883.0,0.0,848.0,728.0,Low,Few
Medium_Moderate_Light_Low_Few_Moderate_Early_VeryLate_123,ILS,2,855.0,0.0,848.0,728.0,Low,Few
Medium_Moderate_Light_Low_Few_Moderate_Early_VeryLate_123,ILS,1,885.0,0.0,848.0,728.0,Low,Few
Medium_Moderate_Light_Low_Few_Moderate_Early_VeryLate_123,ILS,10,885.0,0.0,848.0,728.0,Low,Few
Medium_Moderate_Light_Low_Few_Moderate_Early_VeryLate_123,ILS,5,888.0,0.0,848.0,728.0,Low,Few
Medium_Moderate_Light_Low_Few_Moderate_Early_VeryLate_123,ILS,7,864.0,0.0,848.0,728.0,Low,Few
Medium_Moderate_Light_Low_Few_Moderate_Early_VeryLate_123,RS,1,884.0,0.0,848.0,728.0,Low,Few
Medium_Moderate_Light_Medium_Few_Moderate_Early_VeryLate_123,MIP,6,875.0,667.0,845.0,673.0,Medium,Few
Medium_Moderate_Light_Medium_Few_Moderate_Early_VeryLate_123,MIP,8,851.0,659.0,845.0,673.0,Medium,Few
Medium_Moderate_Light_Medium_Few_Moderate_Early_VeryLate_123,MIP,3,863.0,621.0,845.0,673.0,Medium,Few
Medium_Moderate_Light_Medium_Few_Moderate_Early_VeryLate_123,MIP,10,847.0,667.0,845.0,673.0,Medium,Few
Medium_Moderate_Light_Medium_Few_Moderate_Early_VeryLate_123,MIP,5,851.0,673.0,845.0,673.0,Medium,Few
Medium_Moderate_Light_Medium_Few_Moderate_Early_VeryLate_123,MIP,9,878.0,623.0,845.0,673.0,Medium,Few
Medium_Moderate_Light_Medium_Few_Moderate_Early_VeryLate_123,MIP,4,876.0,632.0,845.0,673.0,Medium,Few
Medium_Moderate_Light_Medium_Few_Moderate_Early_VeryLate_123,MIP,1,851.0,670.0,845.0,673.0,Medium,Few
Medium_Moderate_Light_Medium_Few_Moderate_Early_VeryLate_123,MIP,2,847.0,669.0,845.0,673.0,Medium,Few
Medium_Moderate_Light_Medium_Few_Moderate_Early_VeryLate_123,MIP,7,877.0,667.0,845.0,673.0,Medium,Few
Medium_Moderate_Light_Medium_Few_Moderate_Early_VeryLate_123,IBS,8,894.0,0.0,845.0,673.0,Medium,Few
Medium_Moderate_Light_Medium_Few_Moderate_Early_VeryLate_123,IBS,2,894.0,0.0,845.0,673.0,Medium,Few
Medium_Moderate_Light_Medium_Few_Moderate_Early_VeryLate_123,IBS,4,894.0,0.0,845.0,673.0,Medium,Few
Medium_Moderate_Light_Medium_Few_Moderate_Early_VeryLate_123,IBS,3,894.0,0.0,845.0,673.0,Medium,Few
Medium_Moderate_Light_Medium_Few_Moderate_Early_VeryLate_123,IBS,5,894.0,0.0,845.0,673.0,Medium,Few
Medium_Moderate_Light_Medium_Few_Moderate_Early_VeryLate_123,IBS,9,894.0,0.0,845.0,673.0,Medium,Few
Medium_Moderate_Light_Medium_Few_Moderate_Early_VeryLate_123,IBS,6,894.0,0.0,845.0,673.0,Medium,Few
Medium_Moderate_Light_Medium_Few_Moderate_Early_VeryLate_123,IBS,7,894.0,0.0,845.0,673.0,Medium,Few
Medium_Moderate_Light_Medium_Few_Moderate_Early_VeryLate_123,IBS,10,894.0,0.0,845.0,673.0,Medium,Few
Medium_Moderate_Light_Medium_Few_Moderate_Early_VeryLate_123,IBS,1,894.0,0.0,845.0,673.0,Medium,Few
Medium_Moderate_Light_Medium_Few_Moderate_Early_VeryLate_123,CUTH,5,849.0,0.0,845.0,673.0,Medium,Few
Medium_Moderate_Light_Medium_Few_Moderate_Early_VeryLate_123,CUTH,1,849.0,0.0,845.0,673.0,Medium,Few
Medium_Moderate_Light_Medium_Few_Moderate_Early_VeryLate_123,CUTH,3,849.0,0.0,845.0,673.0,Medium,Few
Medium_Moderate_Light_Medium_Few_Moderate_Early_VeryLate_123,CUTH,8,849.0,0.0,845.0,673.0,Medium,Few
Medium_Moderate_Light_Medium_Few_Moderate_Early_VeryLate_123,CUTH,9,849.0,0.0,845.0,673.0,Medium,Few
Medium_Moderate_Light_Medium_Few_Moderate_Early_VeryLate_123,CUTH,7,849.0,0.0,845.0,673.0,Medium,Few
Medium_Moderate_Light_Medium_Few_Moderate_Early_VeryLate_123,CUTH,2,849.0,0.0,845.0,673.0,Medium,Few
Medium_Moderate_Light_Medium_Few_Moderate_Early_VeryLate_123,CUTH,10,849.0,0.0,845.0,673.0,Medium,Few
Medium_Moderate_Light_Medium_Few_Moderate_Early_VeryLate_123,CUTH,6,849.0,0.0,845.0,673.0,Medium,Few
Medium_Moderate_Light_Medium_Few_Moderate_Early_VeryLate_123,CUTH,4,849.0,0.0,845.0,673.0,Medium,Few
Medium_Moderate_Light_Medium_Few_Moderate_Early_VeryLate_123,LBBD,2,860.0,466.0,845.0,673.0,Medium,Few
Medium_Moderate_Light_Medium_Few_Moderate_Early_VeryLate_123,LBBD,6,860.0,540.0,845.0,673.0,Medium,Few
Medium_Moderate_Light_Medium_Few_Moderate_Early_VeryLate_123,LBBD,3,900.0,479.0,845.0,673.0,Medium,Few
Medium_Moderate_Light_Medium_Few_Moderate_Early_VeryLate_123,LBBD,5,896.0,541.0,845.0,673.0,Medium,Few
Medium_Moderate_Light_Medium_Few_Moderate_Early_VeryLate_123,LBBD,8,889.0,575.0,845.0,673.0,Medium,Few
Medium_Moderate_Light_Medium_Few_Moderate_Early_VeryLate_123,LBBD,7,895.0,494.0,845.0,673.0,Medium,Few
Medium_Moderate_Light_Medium_Few_Moderate_Early_VeryLate_123,LBBD,4,880.0,584.0,845.0,673.0,Medium,Few
Medium_Moderate_Light_Medium_Few_Moderate_Early_VeryLate_123,LBBD,9,896.0,491.0,845.0,673.0,Medium,Few
Medium_Moderate_Light_Medium_Few_Moderate_Early_VeryLate_123,LBBD,1,897.0,484.0,845.0,673.0,Medium,Few
Medium_Moderate_Light_Medium_Few_Moderate_Early_VeryLate_123,LBBD,10,867.0,509.0,845.0,673.0,Medium,Few
Medium_Moderate_Light_Medium_Few_Moderate_Early_VeryLate_123,ILS,1,877.0,0.0,845.0,673.0,Medium,Few
Medium_Moderate_Light_Medium_Few_Moderate_Early_VeryLate_123,ILS,3,850.0,0.0,845.0,673.0,Medium,Few
Medium_Moderate_Light_Medium_Few_Moderate_Early_VeryLate_123,ILS,2,864.0,0.0,845.0,673.0,Medium,Few
Medium_Moderate_Light_Medium_Few_Moderate_Early_VeryLate_123,ILS,10,854.0,0.0,845.0,673.0,Medium,Few
Medium_Moderate_Light_Medium_Few_Moderate_Early_VeryLate_123,ILS,4,845.0,0.0,845.0,673.0,Medium,Few
Medium_Moderate_Light_Medium_Few_Moderate_Early_VeryLate_123,ILS,8,875.0,0.0,845.0,673.0,Medium,Few
Medium_Moderate_Light_Medium_Few_Moderate_Early_VeryLate_123,ILS,9,869.0,0.0,845.0,673.0,Medium,Few
Medium_Moderate_Light_Medium_Few_Moderate_Early_VeryLate_123,ILS,5,888.0,0.0,845.0,673.0,Medium,Few
Medium_Moderate_Light_Medium_Few_Moderate_Early_VeryLate_123,ILS,7,877.0,0.0,845.0,673.0,Medium,Few
Medium_Moderate_Light_Medium_Few_Moderate_Early_VeryLate_123,ILS,6,895.0,0.0,845.0,673.0,Medium,Few
Medium_Moderate_Light_Medium_Few_Moderate_Early_VeryLate_123,RS,1,884.0,0.0,845.0,673.0,Medium,Few
Medium_Moderate_Light_High_Few_Moderate_Early_VeryLate_123,MIP,3,843.0,492.0,814.0,621.0,High,Few
Medium_Moderate_Light_High_Few_Moderate_Early_VeryLate_123,MIP,6,874.0,493.0,814.0,621.0,High,Few
Medium_Moderate_Light_High_Few_Moderate_Early_VeryLate_123,MIP,5,825.0,556.0,814.0,621.0,High,Few
Medium_Moderate_Light_High_Few_Moderate_Early_VeryLate_123,MIP,10,873.0,555.0,814.0,621.0,High,Few
Medium_Moderate_Light_High_Few_Moderate_Early_VeryLate_123,MIP,8,870.0,557.0,814.0,621.0,High,Few
Medium_Moderate_Light_High_Few_Moderate_Early_VeryLate_123,MIP,7,866.0,495.0,814.0,621.0,High,Few
Medium_Moderate_Light_High_Few_Moderate_Early_VeryLate_123,MIP,4,860.0,496.0,814.0,621.0,High,Few
Medium_Moderate_Light_High_Few_Moderate_Early_VeryLate_123,MIP,2,858.0,556.0,814.0,621.0,High,Few
Medium_Moderate_Light_High_Few_Moderate_Early_VeryLate_123,MIP,9,859.0,543.0,814.0,621.0,High,Few
Medium_Moderate_Light_High_Few_Moderate_Early_VeryLate_123,MIP,1,858.0,495.0,814.0,621.0,High,Few
Medium_Moderate_Light_High_Few_Moderate_Early_VeryLate_123,IBS,2,894.0,0.0,814.0,621.0,High,Few
Medium_Moderate_Light_High_Few_Moderate_Early_VeryLate_123,IBS,5,894.0,0.0,814.0,621.0,High,Few
Medium_Moderate_Light_High_Few_Moderate_Early_VeryLate_123,IBS,1,894.0,0.0,814.0,621.0,High,Few
Medium_Moderate_Light_High_Few_Moderate_Early_VeryLate_123,IBS,7,894.0,0.0,814.0,621.0,High,Few
Medium_Moderate_Light_High_Few_Moderate_Early_VeryLate_123,IBS,3,894.0,0.0,814.0,621.0,High,Few
Medium_Moderate_Light_High_Few_Moderate_Early_VeryLate_123,IBS,9,894.0,0.0,814.0,621.0,High,Few
Medium_Moderate_Light_High_Few_Moderate_Early_VeryLate_123,IBS,6,894.0,0.0,814.0,621.0,High,Few
Medium_Moderate_Light_High_Few_Moderate_Early_VeryLate_123,IBS,8,894.0,0.0,814.0,621.0,High,Few
Medium_Moderate_Light_High_Few_Moderate_Early_VeryLate_123,IBS,10,894.0,0.0,814.0,621.0,High,Few
Medium_Moderate_Light_High_Few_Moderate_Early_VeryLate_123,IBS,4,894.0,0.0,814.0,621.0,High,Few
Medium_Moderate_Light_High_Few_Moderate_Early_VeryLate_123,CUTH,2,849.0,0.0,814.0,621.0,High,Few
Medium_Moderate_Light_High_Few_Moderate_Early_VeryLate_123,CUTH,3,849.0,0.0,814.0,621.0,High,Few
Medium_Moderate_Light_High_Few_Moderate_Early_VeryLate_123,CUTH,4,849.0,0.0,814.0,621.0,High,Few
Medium_Moderate_Light_High_Few_Moderate_Early_VeryLate_123,CUTH,1,849.0,0.0,814.0,621.0,High,Few
Medium_Moderate_Light_High_Few_Moderate_Early_VeryLate_123,CUTH,5,849.0,0.0,814.0,621.0,High,Few
Medium_Moderate_Light_High_Few_Moderate_Early_VeryLate_123,CUTH,6,849.0,0.0,814.0,621.0,High,Few
Medium_Moderate_Light_High_Few_Moderate_Early_VeryLate_123,CUTH,9,849.0,0.0,814.0,621.0,High,Few
Medium_Moderate_Light_High_Few_Moderate_Early_VeryLate_123,CUTH,7,849.0,0.0,814.0,621.0,High,Few
Medium_Moderate_Light_High_Few_Moderate_Early_VeryLate_123,CUTH,10,849.0,0.0,814.0,621.0,High,Few
Medium_Moderate_Light_High_Few_Moderate_Early_VeryLate_123,CUTH,8,849.0,0.0,814.0,621.0,High,Few
Medium_Moderate_Light_High_Few_Moderate_Early_VeryLate_123,LBBD,7,895.0,587.0,814.0,621.0,High,Few
Medium_Moderate_Light_High_Few_Moderate_Early_VeryLate_123,LBBD,5,886.0,621.0,814.0,621.0,High,Few
Medium_Moderate_Light_High_Few_Moderate_Early_VeryLate_123,LBBD,6,886.0,609.0,814.0,621.0,High,Few
Medium_Moderate_Light_High_Few_Moderate_Early_VeryLate_123,LBBD,1,873.0,599.0,814.0,621.0,High,Few
Medium_Moderate_Light_High_Few_Moderate_Early_VeryLate_123,LBBD,10,899.0,609.0,814.0,621.0,High,Few
Medium_Moderate_Light_High_Few_Moderate_Early_VeryLate_123,LBBD,9,876.0,602.0,814.0,621.0,High,Few
Medium_Moderate_Light_High_Few_Moderate_Early_VeryLate_123,LBBD,3,900.0,601.0,814.0,621.0,High,Few
Medium_Moderate_Light_High_Few_Moderate_Early_VeryLate_123,LBBD,8,889.0,612.0,814.0,621.0,High,Few
Medium_Moderate_Light_High_Few_Moderate_Early_VeryLate_123,LBBD,4,900.0,592.0,814.0,621.0,High,Few
Medium_Moderate_Light_High_Few_Moderate_Early_VeryLate_123,LBBD,2,896.0,605.0,814.0,621.0,High,Few
Medium_Moderate_Light_High_Few_Moderate_Early_VeryLate_123,ILS,5,888.0,0.0,814.0,621.0,High,Few
Medium_Moderate_Light_High_Few_Moderate_Early_VeryLate_123,ILS,1,879.0,0.0,814.0,621.0,High,Few
Medium_Moderate_Light_High_Few_Moderate_Early_VeryLate_123,ILS,8,814.0,0.0,814.0,621.0,High,Few
Medium_Moderate_Light_High_Few_Moderate_Early_VeryLate_123,ILS,6,876.0,0.0,814.0,621.0,High,Few
Medium_Moderate_Light_High_Few_Moderate_Early_VeryLate_123,ILS,9,878.0,0.0,814.0,621.0,High,Few
Medium_Moderate_Light_High_Few_Moderate_Early_VeryLate_123,ILS,3,891.0,0.0,814.0,621.0,High,Few
Medium_Moderate_Light_High_Few_Moderate_Early_VeryLate_123,ILS,4,845.0,0.0,814.0,621.0,High,Few
Medium_Moderate_Light_High_Few_Moderate_Early_VeryLate_123,ILS,2,890.0,0.0,814.0,621.0,High,Few
Medium_Moderate_Light_High_Few_Moderate_Early_VeryLate_123,ILS,10,854.0,0.0,814.0,621.0,High,Few
Medium_Moderate_Light_High_Few_Moderate_Early_VeryLate_123,ILS,7,861.0,0.0,814.0,621.0,High,Few
Medium_Moderate_Light_High_Few_Moderate_Early_VeryLate_123,RS,1,884.0,0.0,814.0,621.0,High,Few